♆⎈MALTERIE DU CHÂTEAU⎈CHÂTEAU PILSEN 2RP⎈Grain malté⎈Base (Pilsner|Lager)⎈3.5⎈82⎈Orge⎈2022⎈https://www.castlemalting.com/CastleMaltingMaltSpecification.asp?Command=SpecificationShow&SpecificationID=196&CropYear=2022&Language=French&FileType=HTML⎈'
Caractéristiques
Malt belge le plus légèrement coloré. Produit des meilleures orges de brasserie. Touraillage jusqu’à 80 - 85°C.

Particularités
Le plus légèrement coloré, ce malt est bien modifié et facilement empâté par infusion ou décoction. Notre malt Château Pilsen a une flaveur forte et douce de malt et possède assez de pouvoir enzymatique pour être utilisé en qualité de malt de base.

Usage
Tous les types de bières. Peut être utilisé jusqu’à 100 % du mélange pour des bières blondes (Pilsner, Lager) ou en moindres pourcentages pour les autres bières.
'
♆⎈MALTERIE DU CHÂTEAU⎈CHÂTEAU MARIS OTTER MALT⎈Grain malté⎈Base (Pilsner|Lager)⎈4.5⎈81.5⎈Orge⎈2022⎈https://www.castlemalting.com/CastleMaltingMaltSpecification.asp?Command=SpecificationShow&SpecificationID=285&CropYear=2022&Language=French&FileType=HTML⎈'
Caractéristiques
Le malt Château Maris Otter est produit à partir de la légendaire variété d''orge britannique Maris Otter. Cette variété est rapidement devenue populaire parmi les brasseurs, donnant forme et caractère à de nombreux styles de bière anglaise. À l''heure actuelle, l''utilisation de ce malt reflète la tradition et l''histoire.

Particularités
Le malt Château Maris Otter donne une riche saveur de malt sucré mais peu de couleur à la bière. Utilisé comme malt de base, il aide à produire une bière très claire, avec un fort attrait et un faible degré de formation de mousse, en raison de son faible taux de protéines, traditionnel dans les styles de bière anglais.

Usage
Conseillé pour des bières type English Ales, English Bitter et Cask Ales. Jusqu’à 100% du mélange.
'
♆⎈MALTERIE DU CHÂTEAU⎈CHÂTEAU PILSEN 2RP TERRA BREW®⎈Grain malté⎈Base (Pilsner|Lager)⎈3.5⎈80⎈Orge⎈2022⎈https://www.castlemalting.com/CastleMaltingMaltSpecification.asp?Command=SpecificationShow&SpecificationID=289&CropYear=2022&Language=French&FileType=HTML⎈
♆⎈MALTERIE DU CHÂTEAU⎈CHÂTEAU PILSEN 6RH⎈Grain malté⎈Base (Pilsner|Lager)⎈4⎈79⎈Orge⎈2022⎈https://www.castlemalting.com/CastleMaltingMaltSpecification.asp?Command=SpecificationShow&SpecificationID=134&CropYear=2022&Language=French&FileType=HTML⎈'
Caractéristiques
Malt belge le plus légèrement coloré. Produit des meilleures orges de brasserie. Touraillage jusqu’à 80 - 85°C.

Particularités
Le plus légèrement coloré, ce malt est bien modifié et facilement empâté par infusion ou décoction. Notre malt Château Pilsen a une flaveur forte et douce de malt et possède assez de pouvoir enzymatique pour être utilisé en qualité de malt de base.

Usage
Tous les types de bières. Peut être utilisé jusqu’à 50% du mélange pour des bières blondes (Pilsner, Lager) ou en moindres pourcentages pour les autres bières.
'
♆⎈MALTERIE DU CHÂTEAU⎈CHÂTEAU VIENNA®⎈Grain malté⎈Vienne⎈7⎈80⎈Orge⎈2022⎈https://www.castlemalting.com/CastleMaltingMalts.asp?P=105&Language=French⎈'
Caractéristiques
Malt belge de base Château Vienna. Légèrement touraillé jusqu’à 85 - 90°C, avec une durée de touraillage plus courte que dans le cas des autres malts.

Particularités
Donne une saveur un peu plus intense de malt et céréales que le malt Pilsen, ainsi que quelques arômes de caramel. Touraillé à température plus élevée que le malt Pilsen. De ce fait, il produit une couleur dorée un peu plus riche et intensifie en même temps le corps et la plénitude de la bière. Grâce à la température plus haute de touraillage, l’activité enzymatique du malt Château Vienna est un peu plus basse que celle du malt Pilsen. Néanmoins, le malt Château Vienna a assez de pouvoir enzymatique pour supporter l’addition de grandes quantités de malts spéciaux.

Usage
Comme base, pour tous les types de bières; Vienna lager. Intensifie la couleur et l’arôme des bières légères. Peut être utilisé jusqu’à 100 % du mélange : 10 – 30 % pour les Pils, 60 – 90 % pour des bières claires ambrées ; 70 – 80 % pour des bières ambrées et foncées.
'
♆⎈MALTERIE DU CHÂTEAU⎈CHÂTEAU PALE ALE®⎈Grain malté⎈Base (Pale)⎈10⎈80⎈Orge⎈2022⎈https://www.castlemalting.com/CastleMaltingMaltSpecification.asp?Command=SpecificationShow&SpecificationID=140&CropYear=2022&Language=French&FileType=HTML⎈'
Caractéristiques
Malt de base belge légèrement coloré. Touraillé jusqu’à 90 - 95°C. 

Particularités
Le malt Château Pale Ale est généralement utilisé comme malt de base ou en combinaison avec le malt Pilsen 2RP afin d’obtenir une flaveur de malt plus intense et de la coloration complémentaire. D’une couleur plus foncée, ce malt peut donner une teinte dorée à la couleur du moût. Pour produire des bières ambrées et amères, s’utilise avec des levures puissantes. Touraillé pendant une période plus longue, il est mieux modifié et apporte une flaveur plus prononcée que le malt Pilsen. Les enzymes du malt Château Pale Ale supportent l’utilisation des malts spéciaux non-enzymatiques.

Usage
Bières type Pale Ale, amères, la plupart des bières anglaises traditionnelles. Peut être utilisé jusqu’à 100% du mélange.
'
♆⎈MALTERIE DU CHÂTEAU⎈CHÂTEAU MUNICH LIGHT®⎈Grain malté⎈Munich⎈17⎈80⎈Orge⎈2022⎈https://www.castlemalting.com/CastleMaltingMaltSpecification.asp?Command=SpecificationShow&SpecificationID=138&CropYear=2022&Language=French&FileType=HTML⎈'
Malt belge spécial de type Munich. Touraillé jusqu’à 100 - 105°C.

Particularités
Un malt riche et doré. Intensifie légèrement la coloration vers une belle couleur orange-doré. Donne à certaines bières un arôme prononcé de grains et de malt, sans nuire à la stabilité de la mousse et au corps. En petites quantités, en combinaison avec le malt Château Pilsen 2RP, ce malt est utilisé dans la production des bières claires pour affiner la flaveur de malt et obtenir une couleur plus riche. Renforce le goût des bières de caractère.

Usage
Bières Pale Ale, ambrées, brunes, fortes et foncées, Bocks. Mélange recommandé : jusqu’à 60%.
'
♆⎈MALTERIE DU CHÂTEAU⎈CHÂTEAU MUNICH⎈Grain malté⎈Munich⎈28⎈80⎈Orge⎈2022⎈https://www.castlemalting.com/CastleMaltingMaltSpecification.asp?Command=SpecificationShow&SpecificationID=136&CropYear=2022&Language=French&FileType=HTML⎈'
Caractéristiques
Malt belge spécial de type Munich. Touraillé jusqu’à 100 - 105°C.

Particularités
Un malt riche et doré. Intensifie légèrement la coloration vers une belle couleur orange-doré. Donne à certaines bières un arôme prononcé de grains et de malt, sans nuire à la stabilité de la mousse et au corps. En petites quantités, en combinaison avec le malt Château Pilsen 2RP, ce malt est utilisé dans la production des bières claires pour affiner la flaveur de malt et obtenir une couleur plus riche. Renforce le goût des bières de caractère.

Usage
Bières Pale Ale, ambrées, brunes, fortes et foncées, Bocks. Mélange recommandé : jusqu’à 60%.
'
♆⎈MALTERIE DU CHÂTEAU⎈CHÂTEAU MELANO LIGHT⎈Grain malté⎈Caramel|Crystal⎈40⎈78⎈Orge⎈2022⎈https://www.castlemalting.com/CastleMaltingMaltSpecification.asp?Command=SpecificationShow&SpecificationID=193&CropYear=2022&Language=French&FileType=HTML⎈'
Caractéristiques
Malt belge Mélanoïdine (Mélano). Germination spéciale. Processus spécial de touraillage jusqu’à 130°C. Tandis que le malt Château Mélano est lentement touraillé, la température est augmentée, ce qui permet la formation des mélanoïdes. *)

Particularités
Très aromatique, avec une flaveur intense de malt. Donne de la plénitude et de la rondeur à la couleur de la bière, intensifie la stabilité de la flaveur et enrichit la couleur rouge de la bière. Augmente le corps de la bière. Ce malt est aussi appelé «Turbo Munich».

Usage
Bières ambrées et foncées, type ales écossaises, ales ambrées, rouges. Mélange recommandé: jusqu’à 20%.
'
♆⎈MALTERIE DU CHÂTEAU⎈CHÂTEAU ABBAYE®⎈Grain malté⎈Orge rôtie⎈45⎈78⎈Orge⎈2022⎈https://www.castlemalting.com/CastleMaltingMaltSpecification.asp?Command=SpecificationShow&SpecificationID=137&CropYear=2022&Language=French&FileType=HTML⎈'
Caractéristiques
Malt belge brun. Germination spéciale et touraillage jusqu’à 110°C.

Particularités
Donne une forte saveur de pain cuit, noix et fruits. La flaveur de ce malt a quelques notes d’amertume qui s’adoucissent avec sa maturité. Le malt Château Abbaye® peut avoir une flaveur assez forte et est généralement utilisé en petits pourcentages (10%) dans la production des types de bière réclamant une coloration intense.

Usage
Bières types Pale Ale, porters bruns et bières spéciales ; diverses bières anglaises. Jusqu’à 25% du mélange.
'
♆⎈MALTERIE DU CHÂTEAU⎈CHÂTEAU MELANO⎈Grain malté⎈Caramel|Crystal⎈80⎈78⎈Orge⎈2022⎈https://www.castlemalting.com/CastleMaltingMaltSpecification.asp?Command=SpecificationShow&SpecificationID=192&CropYear=2022&Language=French&FileType=HTML⎈'
Caractéristiques
Malt belge Mélanoïdine (Mélano). Germination spéciale. Processus spécial de touraillage jusqu’à 130°C. Tandis que le malt Château Mélano est lentement touraillé, la température est augmentée, ce qui permet la formation des mélanoïdes. *)

Particularités
Très aromatique, avec une flaveur intense de malt. Donne de la plénitude et de la rondeur à la couleur de la bière, intensifie la stabilité de la flaveur et enrichit la couleur rouge de la bière. Augmente le corps de la bière. Ce malt est aussi appelé «Turbo Munich».

Usage
Bières ambrées et foncées, type ales écossaises, ales ambrées, rouges. Mélange recommandé: jusqu’à 20%.
'
♆⎈MALTERIE DU CHÂTEAU⎈CHÂTEAU ARÔME⎈Grain malté⎈Caramel|Crystal⎈100⎈78⎈Orge⎈2022⎈https://www.castlemalting.com/CastleMaltingMaltSpecification.asp?Command=SpecificationShow&SpecificationID=180&CropYear=2022&Language=French&FileType=HTML⎈'
Caractéristiques
Malt belge aromatique. Haute température de germination, touraillé jusqu’à 115°C pour développer un grand arôme.

Particularités
Donne un arôme et une flaveur très vive de malt aux bières ambrées et lagers foncés. En comparaison aux autres malts colorés traditionnels, le malt Château Arôme a un pouvoir diastasique plus élevé et produit une amertume moins intense.

Usage
Bières spéciales très aromatiques. Peut être utilisé jusqu’à 20% du mélange.
'
♆⎈MALTERIE DU CHÂTEAU⎈CHÂTEAU CRYSTAL®⎈Grain malté⎈Caramel|Crystal⎈150⎈78⎈Orge⎈2022⎈https://www.castlemalting.com/CastleMaltingMaltSpecification.asp?Command=SpecificationShow&SpecificationID=182&CropYear=2022&Language=French&FileType=HTML⎈'
Caractéristiques
Malt belge aromatique, à caramélisation spéciale développée par la Malterie du Château. Processus particulier de germination. Caramélisé en quelques étapes pour obtenir ses arôme et saveur uniques.

Particularités
Ce malt de couleur caramel - cuivre donne un goût riche et de l’arôme aux bières ambrées et foncées du type Lager. Par comparaison aux autres malts colorés traditionnels, Château Crystal® a plus de pouvoir diastasique et apporte une amertume plus douce à la bière.

Usage
Bières aromatiques et colorées. Toutes bières réclamant une forte saveur de malt. Ales belges et bocks allemandes. Mélange recommandé : jusqu’à 20%.
'
♆⎈MALTERIE DU CHÂTEAU⎈CHÂTEAU CAFÉ LIGHT⎈Grain malté⎈Caramel|Crystal⎈250⎈77⎈Orge⎈2022⎈https://www.castlemalting.com/CastleMaltingMaltSpecification.asp?Command=SpecificationShow&SpecificationID=194&CropYear=2022&Language=French&FileType=HTML⎈'
Caractéristiques
Malt belge Château Café Light. Révélation du goût jusqu’à 200°C.

Particularités
Donne un goût doux et une saveur de café et de noix à la bière. Apporte de la complexité à toutes les ales foncées et renforce la couleur de la bière.

Usage
Stouts, porters, dans les ales brunes - en petites quantités pour obtenir quelques nuances de café rôti frais. Mélange recommandé : jusqu’à 10 %.
'
♆⎈MALTERIE DU CHÂTEAU⎈CHÂTEAU SMOKED (FUMÉ)⎈Grain malté⎈Base (Fumé)⎈8⎈77⎈Orge⎈2022⎈https://www.castlemalting.com/CastleMaltingMaltSpecification.asp?Command=SpecificationShow&SpecificationID=217&CropYear=2022&Language=French&FileType=HTML⎈'
Caractéristiques
Type spécial de malt avec une activité enzymatique importante, utilisé dans la production d''une grande variété de types de bières.

Particularités
Fumé au bois de hêtre. Il développe une saveur intense de fumée et apporte une note de douceur à votre bière.

Usage
Jusqu’à 15% du mélange
'
♆⎈MALTERIE DU CHÂTEAU⎈CHÂTEAU CARA CLAIR®⎈Grain malté⎈Caramel|Crystal⎈9⎈78⎈Orge⎈2022⎈https://www.castlemalting.com/CastleMaltingMaltSpecification.asp?Command=SpecificationShow&SpecificationID=232&CropYear=2022&Language=French&FileType=HTML⎈'
Caractéristiques
Malt Château Cara Clair est le plus pâle Malt Caramel belge réalisé selon un procédé particulier.

Particularités
Château Cara Clair est un type de malt caramel belge qui intensifie le corps de la bière. Il favorise la formation et la tenue de la mousse. Il apporte douceur et arôme de biscuit à la bière.

Usage
Pilsner Lager, bière avec une quantité réduite d’alcool, bière légère, bière Bock. Jusqu''à 30% du mélange.
'
♆⎈MALTERIE DU CHÂTEAU⎈CHÂTEAU CARA BLOND®⎈Grain malté⎈Caramel|Crystal⎈21⎈78⎈Orge⎈2022⎈https://www.castlemalting.com/CastleMaltingMaltSpecification.asp?Command=SpecificationShow&SpecificationID=177&CropYear=2022&Language=French&FileType=HTML⎈'
Caractéristiques
Malt Château Cara Blond® belge. Torréfié à température modérée pour enlever l’amertume.

Particularités
Le malt Château Cara Blond® donne un arôme doux, ainsi qu’une flaveur unique de caramel. Il crée une couleur dorée. Une particularité typique de malts Caramel est la présence des grains entiers qui fournissent les composants non-fermentescibles nécessaires pour augmenter le moelleux en bouche, la stabilité de la mousse et celle de la bière.

Usage
Bières blanches, légères, à faible densité alcoolique et sans alcool, bières d`Abbaye. Mélange maximum recommandé : jusqu’à 30%.
'
♆⎈MALTERIE DU CHÂTEAU⎈CHÂTEAU CARA BLOND TERRA BREW®⎈Grain malté⎈Caramel|Crystal⎈21⎈78⎈Orge⎈2022⎈https://www.castlemalting.com/CastleMaltingMaltSpecification.asp?Command=SpecificationShow&SpecificationID=290&CropYear=2020&Language=French&FileType=HTML⎈
♆⎈MALTERIE DU CHÂTEAU⎈CHÂTEAU CARA BELGIUM⎈Grain malté⎈Caramel|Crystal⎈32.5⎈76⎈Orge⎈2022⎈https://www.castlemalting.com/CastleMaltingMaltSpecification.asp?Command=SpecificationShow&SpecificationID=261&CropYear=2022&Language=French&FileType=HTML⎈'
Caractéristiques
Malt caramel typiquement belge. Germination à haute température, suivie d’une torréfaction en tambour.

Particularités
Ce malt confère une teinte dorée aux bières et des notes subtiles de caramel. Il renforce les flaveurs typiques des bières artisanales belges.

Usage
Bières spéciales belges, qu’elles soient blondes, ambrées, brunes, doubles ou triples. Mélange maximum recommandé: jusqu’à 30%.
'
♆⎈MALTERIE DU CHÂTEAU⎈CHÂTEAU CARA RUBY®⎈Grain malté⎈Caramel|Crystal⎈50⎈78⎈Orge⎈2022⎈https://www.castlemalting.com/CastleMaltingMaltSpecification.asp?Command=SpecificationShow&SpecificationID=178&CropYear=2022&Language=French&FileType=HTML⎈'
Caractéristiques
Malt Château Cara Ruby® belge. Haute température de germination. Torréfié jusqu’à 220°C pour développer un grand arôme.

Particularités
Château Cara Ruby® donne un arôme riche, ainsi qu’une flaveur unique de caramel. Il crée une couleur ambrée claire à rougeâtre. Une particularité typique de malts Caramel est la présence des grains entiers qui fournissent les composants non-fermentescibles nécessaires pour augmenter le moelleux en bouche, la stabilité de la mousse et celle de la bière.

Usage
Bières blanches, légères, à faible densité alcoolique et sans alcool, bières d`Abbaye. Mélange maximum recommandé : jusqu’à 25%.
'
♆⎈MALTERIE DU CHÂTEAU⎈CHÂTEAU CARA HONEY⎈Grain malté⎈Caramel|Crystal⎈70⎈75⎈Orge⎈2022⎈https://www.castlemalting.com/CastleMaltingMaltSpecification.asp?Command=SpecificationShow&SpecificationID=262&CropYear=2022&Language=French&FileType=HTML⎈'
Caractéristiques
Malt caramel ambré belge. Germination à haute température, suivie d’une torréfaction en tambour.

Particularités
Ce malt confère une teinte rougeâtre aux bières ainsi que des notes de caramel, de bonbon et de pain. Il donne du corps aux bières spéciales et il améliore la formation et la rétention de la mousse.

Usage
Bières de type ale ou lager: rouges, ambrées ou brunes; ou pour des bières de type Bock ou foncées. Mélange maximum recommandé: jusqu’à 20%.
'
♆⎈MALTERIE DU CHÂTEAU⎈CHÂTEAU CARA ARÔME⎈Grain malté⎈Caramel|Crystal⎈90⎈75⎈Orge⎈2022⎈https://www.castlemalting.com/CastleMaltingMaltSpecification.asp?Command=SpecificationShow&SpecificationID=263&CropYear=2022&Language=French&FileType=HTML⎈'
Caractéristiques
Malt caramel aromatique belge. Germination à haute température, suivie d’une torréfaction en tambour.

Particularités
Ce malt confère une teinte ambré foncé à cuivré aux bières. Il apporte des arômes intenses de caramel et de malt, ainsi que des notes de biscuit. Il intensifie considérablement le corps des bières spéciales et il améliore la formation et la rétention de la mousse.

Usage
Bières ales et lager de tout type. Mélange maximum recommandé: jusqu’à 15%.
'
♆⎈MALTERIE DU CHÂTEAU⎈CHÂTEAU CARA GOLD®⎈Grain malté⎈Caramel|Crystal⎈120⎈78⎈Orge⎈2022⎈https://www.castlemalting.com/CastleMaltingMaltSpecification.asp?Command=SpecificationShow&SpecificationID=181&CropYear=2022&Language=French&FileType=HTML⎈'
Caractéristiques
Malt caramel belge doré. Haute température de germination. Torréfié jusqu’à 220°C pour développer un grand arôme.

Particularités
Château Cara Gold® malt donne un arôme intense, ainsi qu’une flaveur unique de caramel et de cassonade. Il crée une couleur ambrée riche. Une particularité typique de malts Caramel est la présence des grains entiers qui fournissent les composants non-fermentescibles nécessaires pour augmenter le moelleux en bouche, la stabilité de la mousse et celle de la bière.

Usage
Bières aromatiques et colorées. Mélange maximum recommandé : jusqu’à 20%.
'
♆⎈MALTERIE DU CHÂTEAU⎈CHÂTEAU CARA GOLD TERRA BREW®⎈Grain malté⎈Caramel|Crystal⎈120⎈78⎈Orge⎈2022⎈https://www.castlemalting.com/CastleMaltingMaltSpecification.asp?Command=SpecificationShow&SpecificationID=291&CropYear=2022&Language=French&FileType=HTML⎈
♆⎈MALTERIE DU CHÂTEAU⎈CHÂTEAU CARA CRYSTAL®⎈Grain malté⎈Caramel|Crystal⎈150⎈74⎈Orge⎈2022⎈https://www.castlemalting.com/CastleMaltingMaltSpecification.asp?Command=SpecificationShow&SpecificationID=264&CropYear=2022&Language=French&FileType=HTML⎈'
Caractéristiques
Malt caramel belge foncé. Germination à haute température, suivie d’une torréfaction en tambour.

Particularités
Ce malt confère une teinte ambré foncé à cuivré profond. Il apporte des arômes intenses de malt, de caramel et de biscuit. Il intensifie considérablement le corps des bières spéciales et il améliore la formation et la rétention de la mousse.

Usage
Bières de type Brown Ale, Lager foncée, Ambrée, Bock, etc. Mélange maximum recommandé: jusqu’à 15%.
'
♆⎈MALTERIE DU CHÂTEAU⎈CHÂTEAU CARA TERRA®⎈Grain malté⎈Caramel|Crystal⎈195⎈74⎈Orge⎈2022⎈https://www.castlemalting.com/CastleMaltingMaltSpecification.asp?Command=SpecificationShow&SpecificationID=265&CropYear=2022&Language=French&FileType=HTML⎈'
Caractéristiques
Malt caramel belge de caractère. Germination à haute température, suivie d’une torréfaction en tambour.

Particularités
Ce malt confère une teinte brun-cuivré aux bières. Il apporte des arômes intenses de caramel, de bonbon et de pain, ainsi que des notes de noisettes. Il intensifie fortement le corps des bières spéciales.

Usage
Bières de type Lager de Bohème, Porter, Stout, mais aussi Bock, Lager foncée, etc. Mélange maximum recommandé: jusqu’à 15%.
'
♆⎈MALTERIE DU CHÂTEAU⎈CHÂTEAU SPECIAL BELGIUM NATURE⎈Grain malté⎈Caramel|Crystal⎈290⎈77⎈Orge⎈2022⎈https://www.castlemalting.com/CastleMaltingMaltSpecification.asp?Command=SpecificationShow&SpecificationID=183&CropYear=2022&Language=French&FileType=HTML⎈'
Caractéristiques
Malt Caramel belge très spécial, à double torréfaction.

Particularités
Pour obtenir une couleur brun-noir foncée et de la plénitude. Flaveur et arôme uniques, donne beaucoup de couleur et un goût de raisin à la bière. Apporte une forte saveur de caramel et une note de noix et de prune. Le malt Château Spécial B® peut remplacer les malts Chocolat et Black si l’amertume n’est pas recherchée.

Usage
Bières d`Abbaye, Dubbels, Porters, Brown Ales, Doppelbocks. Mélange maximum recommandé : 10 %.
'
♆⎈MALTERIE DU CHÂTEAU⎈CHÂTEAU SPECIAL BELGIUM TERRA BREW®⎈Grain malté⎈Caramel|Crystal⎈290⎈77⎈Orge⎈2022⎈https://www.castlemalting.com/CastleMaltingMaltSpecification.asp?Command=SpecificationShow&SpecificationID=292&CropYear=2022&Language=French&FileType=HTML⎈
♆⎈MALTERIE DU CHÂTEAU⎈CHÂTEAU CARA CAFÉ®⎈Grain malté⎈Caramel|Crystal⎈400⎈70⎈Orge⎈2022⎈https://www.castlemalting.com/CastleMaltingMaltSpecification.asp?Command=SpecificationShow&SpecificationID=266&CropYear=2022&Language=French&FileType=HTML⎈'
Caractéristiques
Malt caramel belge avec des notes de café. Germination à haute température, suivie d’une torréfaction en tambour.

Particularités
Ce malt confère une teinte brune aux bières. Il apporte des arômes intenses de caramel foncé, de noix grillées et de fruits secs. Il intensifie fortement le corps des bières spéciales.

Usage
Bières ambrées, Stout, Bock, Bière d’octobre, Lager, Ale foncée, Rouge Irlandaise, Barley Wine, etc. Mélange maximum recommandé: jusqu’à 15%.
'
♆⎈MALTERIE DU CHÂTEAU⎈CHÂTEAU BISCUIT®⎈Grain malté⎈Amber|Biscuit|Victory⎈50⎈77⎈Orge⎈2022⎈https://www.castlemalting.com/CastleMaltingMaltSpecification.asp?Command=SpecificationShow&SpecificationID=179&CropYear=2022&Language=French&FileType=HTML⎈'
Caractéristiques
Malt belge unique et très spécial. Légèrement touraillé, puis légèrement torréfié jusqu’à 160°C.

Particularités
Le malt Château Biscuit® crée un arrière-goût de « grillé » bien prononcé. Apporte de l’arôme et de la flaveur de pain et biscuits doux. Ce malt donne au moût une couleur douce de brun léger à moyen. Le malt Biscuit est utilisé afin d’intensifier le goût et l’arôme de grillé, qui caractérise les bières de types Ale et Lager, en conférant des propriétés raffinées des malts Château Black et Château Chocolat. Ne contient pas d’enzymes. Doit être empâté avec des malts à pouvoir diastasique important.

Usage
Toutes les bières spéciales, ales anglaises, ales brunes et porters. Mélange maximum recommandé : 25%.
'
♆⎈MALTERIE DU CHÂTEAU⎈CHÂTEAU CAFÉ⎈Grain malté⎈Caramel|Crystal⎈470⎈75.5⎈Orge⎈2022⎈https://www.castlemalting.com/CastleMaltingMaltSpecification.asp?Command=SpecificationShow&SpecificationID=190&CropYear=2022&Language=French&FileType=HTML⎈'
Caractéristiques
Malt belge Café. Révélation du goût jusqu’à 200°C.

Particularités
Donne un goût doux et une saveur de café et de noix à la bière. Apporte de la complexité à toutes les ales foncées et renforce la couleur de la bière.

Usage
Stouts, porters, dans les ales brunes - en petites quantités pour obtenir quelques nuances de café rôti frais. Mélange recommandé: jusqu’à 10%.
'
♆⎈MALTERIE DU CHÂTEAU⎈CHÂTEAU CHOCOLAT LIGHT®⎈Grain malté⎈Chocolat⎈600⎈78⎈Orge⎈2022⎈https://www.castlemalting.com/CastleMaltingMaltSpecification.asp?Command=SpecificationShow&SpecificationID=273&CropYear=2022&Language=French&FileType=HTML⎈'
Caractéristiques
Une version pâle de notre célèbre Château Chocolat. Torréfié jusqu''à 220°C.

Particularités
Château Chocolat light est le compromis parfait entre Château Café et Château Chocolat. En augmentant la coloration, ce malt va apporter à votre bière de fortes notes de noisette et de café, tout en étant moins amer que Château Chocolat. Ce malt apportera des teintes brunes à foncées et une agréable sensation de douceur en bouche.

Usage
Bières brunes et noires, comme les brunes ales, les porters et les stouts. Jusqu''à 7% du mélange.
'
♆⎈MALTERIE DU CHÂTEAU⎈CHÂTEAU CHOCOLAT⎈Grain malté⎈Chocolat⎈1000⎈75⎈Orge⎈2022⎈https://www.castlemalting.com/CastleMaltingMaltSpecification.asp?Command=SpecificationShow&SpecificationID=184&CropYear=2022&Language=French&FileType=HTML⎈'
Caractéristiques
Malt belge Château Chocolat. Torréfié à 220°C, puis rapidement refroidi dès que la couleur désirée est obtenue.

Particularités
Le malt Château Chocolat est un malt torréfié à haute température pour obtenir la couleur brun foncé dont découle son nom. Il est utilisé pour affiner la couleur et donner une flaveur de noix torréfiée à la bière. Ce malt a beaucoup de particularités communes avec le malt Black, mais il est moins amer et plus clair, puisqu’il est torréfié pendant une période un peu plus courte et à des températures finales moins élevées.

Usage
Bières foncées, fortes, noires, telles que les Porters, Stouts et Brown Ales. Mélange maximum recommandé : 7%.
'
♆⎈MALTERIE DU CHÂTEAU⎈CHÂTEAU BLACK⎈Grain malté⎈Orge rôtie⎈1275⎈73⎈Orge⎈2022⎈https://www.castlemalting.com/CastleMaltingMaltSpecification.asp?Command=SpecificationShow&SpecificationID=185&CropYear=2022&Language=French&FileType=HTML⎈'
Caractéristiques
Malt Château Black 1300 EBC. Le malt le plus foncé. Torréfié jusqu’à 235°C

Particularités
Renforcement de l’arôme des bières de caractère, apporte une saveur plus astringente que les autres malts colorés. Donne un goût légèrement fumé ou brûlé.

Usage
Bières très foncées, Stouts et Porters. Mélange maximum recommandé : 3%. Pour Stouts : jusqu’à 6%.
'
♆⎈MALTERIE DU CHÂTEAU⎈CHÂTEAU BLACK OF BLACK⎈Grain malté⎈Orge rôtie⎈800⎈72⎈Orge⎈2022⎈https://www.castlemalting.com/CastleMaltingMaltSpecification.asp?Command=SpecificationShow&SpecificationID=215&CropYear=2022&Language=French&FileType=HTML⎈'
Caractéristiques
Malt torréfié unique. Torréfié jusqu’à 225°C.

Particularités
Ce malt spécial torréfié offre un grand avantage: Château Black Of Black donne à la bière le goût et l’arôme typiques du malt Black traditionnel sans intensifier la couleur de la bière. Il confère à la bière des notes torréfiées agréables et bien équilibrées. Maintenant vous pouvez brasser une bière de couleur ambrée, avec un caractère torréfié plus prononcé, ce qui n’était pas possible avant que la Malterie du Château ne crée une technologie unique au monde pour la production du Château Black Of Black.

Usage
Des bières ambrées jusqu’aux bières très foncées, Stouts et Porters. Mélange maximum recommandé: 5%.
'
♆⎈MALTERIE DU CHÂTEAU⎈CHÂTEAU ROASTED BARLEY⎈Grain malté⎈Orge rôtie⎈1350⎈65⎈Orge⎈2022⎈https://www.castlemalting.com/CastleMaltingMaltSpecification.asp?Command=SpecificationShow&SpecificationID=199&CropYear=2022&Language=French&FileType=HTML⎈'
Caractéristiques
Orge torréfiée jusqu’à 230 ºC. La durée du processus de torréfaction détermine la couleur foncée du grain.

Particularités
Château Roasted Barley est une orge très torréfiée qui donne à vos bières un goût fumé et un arôme de café. Château Roasted Barley a des caractéristiques qui ressemblent à celles du malt Château Black bien qu’il soit beaucoup plus complexe. Il a de l’amidon qui peut être converti au cours de l’empâtage ayant, en conséquence, un impact sur la densité spécifique. Château Roasted Barley donne aussi de la douceur à la bière. En comparaison avec les malts Château Chocolat et Château Black l’orge torréfiée produit la mousse la plus claire. Confère à la bière une couleur rouge acajou et un fort arôme torréfié. Rend les bières Stout et Porter plus sèches.

Usage
Stouts, Porters, Ales brunes et autres types de bières foncées.
'
♆⎈MALTERIE DU CHÂTEAU⎈CHÂTEAU FROMENT BLANC (WHEAT BLANC)⎈Grain malté⎈Base (Blé)⎈5.5⎈84⎈Blé⎈2022⎈https://www.castlemalting.com/CastleMaltingMaltSpecification.asp?Command=SpecificationShow&SpecificationID=135&CropYear=2022&Language=French&FileType=HTML⎈'
Caractéristiques
Malt de Blé belge. Touraillé jusqu’à 80 - 85°C.

Particularités
Valorise l’arôme spécifique du malt de blé, essentiel dans la production des bières de blé, mais il est aussi utilisé dans les bières maltées (3 – 5%). Sa teneur en protéines donne de la plénitude à la bière et renforce la stabilité de la mousse.

Usage
Bières de blé, blanches, légères, à faible densité alcoolique et sans alcool. Mélange maximum recommandé: 35%.
'
♆⎈MALTERIE DU CHÂTEAU⎈CHÂTEAU FROMENT MUNICH LIGHT (WHEAT MUNICH LIGHT) ⎈Grain malté⎈Munich⎈16⎈83⎈Blé⎈2022⎈https://www.castlemalting.com/CastleMaltingMaltSpecification.asp?Command=SpecificationShow&SpecificationID=195&CropYear=2022&Language=French&FileType=HTML⎈'
Caractéristiques
Malt de blé belge très spécial de type Munich. Touraillé jusqu’à 100 - 105°C.

Particularités
Pas trop foncé mais plus riche en flaveur que le malt Château Wheat Blanc. Pour obtenir une bière plus légère et plus pétillante avec un arôme d’ale typique.

Usage
Bières de blé foncées, weizenbocks, stouts, ou, en petits pourcentages, pour intensifier le corps et la stabilité de la mousse des autres ales foncées. Mélange recommandé: jusqu’à 30%.
'
♆⎈MALTERIE DU CHÂTEAU⎈CHÂTEAU FROMENT MUNICH (WHEAT MUNICH) 25⎈Grain malté⎈Munich⎈24.5⎈83⎈Blé⎈2022⎈https://www.castlemalting.com/CastleMaltingMaltSpecification.asp?Command=SpecificationShow&SpecificationID=236&CropYear=2022&Language=French&FileType=HTML⎈'
Caractéristiques
Malt de blé belge très spécial de type Munich. Touraillé jusqu’à 100 - 105°C.

Particularités
Pas trop foncé mais plus riche en flaveur que le malt Château Wheat Blanc. Pour obtenir une bière plus légère et plus pétillante avec un arôme d’ale typique.

Usage
Bières de blé foncées, weizenbocks, stouts, ou, en petits pourcentages, pour intensifier le corps et la stabilité de la mousse des autres ales foncées. Mélange recommandé : jusqu’à 30%.
'
♆⎈MALTERIE DU CHÂTEAU⎈CHÂTEAU FROMENT ARÔME (WHEAT AROME)⎈Grain malté⎈Caramel|Crystal⎈90⎈78⎈Blé⎈2022⎈https://www.castlemalting.com/CastleMaltingMaltSpecification.asp?Command=SpecificationShow&SpecificationID=271&CropYear=2022&Language=French&FileType=HTML⎈'
Caractéristiques
Malt belge de blé de type Arôme. Torréfié jusqu’à 150°C pour développer plus d’arôme.

Particularités
Château Froment Arôme donne à la bière un caractère riche de blé touraillé. Ce malt va ajouter à votre bière de subtiles notes de pain cuit et de biscuit. La bière aura une teinte dorée et un corps léger à moyen. Ce malt est très pratique pour ajouter plus d''arôme que Château Froment Munich, tout en évitant de donner les légères notes de café du Château Froment Crystal.

Usage
Witbier belge; Hefeweizen; Kristallweizen, Dunkelweizens, Weizenbock. Jusqu''à 25% du mélange.
'
♆⎈MALTERIE DU CHÂTEAU⎈CHÂTEAU FROMENT CRYSTAL (WHEAT CRYSTAL)⎈Grain malté⎈Caramel|Crystal⎈150⎈78⎈Blé⎈2022⎈https://www.castlemalting.com/CastleMaltingMaltSpecification.asp?Command=SpecificationShow&SpecificationID=238&CropYear=2022&Language=French&FileType=HTML⎈'
Caractéristiques
Wheat malt. Roasted at up to 150-170°C.

Particularités
Château Wheat Crystal imparts to the beer a rich character of cooked wheat, corn flakes and a slight aroma of coffee. Increasing the coloration, our new malt will highlight the aromatic notes of baked bread and biscuit in your beer. The beer will have a golden to light amber colour and a light to medium body. 

Usage
Belgian Witbier; Hefeweizen; Kristallweizen, Dunkelweizens, Weizenbock; Up to 20% of the mix.


'
♆⎈MALTERIE DU CHÂTEAU⎈CHÂTEAU FROMENT CAFÉ (WHEAT CAFE)⎈Grain malté⎈Caramel|Crystal⎈400⎈77⎈Blé⎈2022⎈https://www.castlemalting.com/CastleMaltingMaltSpecification.asp?Command=SpecificationShow&SpecificationID=272&CropYear=2022&Language=French&FileType=HTML⎈'
Caractéristiques
Malt belge de blé de type Café. Torréfié jusqu’à 210°C.

Particularités
Château Froment Café donne à la bière un caractère riche de blé torréfié. Ce malt va ajouter à votre bière des notes de café, mais avec une amertume moindre par rapport à son équivalent Château Café. La bière aura des teintes brunes à foncées et une sensation agréable de douceur en bouche.

Usage
Bières brunes, Bockbier, Altbier, Stout, Porter ou Brown ales. Jusqu''à 20% du mélange.
'
♆⎈MALTERIE DU CHÂTEAU⎈CHÂTEAU FROMENT CHOCOLAT (WHEAT CHOCOLAT)⎈Grain malté⎈Chocolat⎈950⎈77⎈Blé⎈2022⎈https://www.castlemalting.com/CastleMaltingMaltSpecification.asp?Command=SpecificationShow&SpecificationID=246&CropYear=2022&Language=French&FileType=HTML⎈'
Caractéristiques
Malt belge de blé Chocolat. Le blé malté est torréfié à 230 ° C, puis refroidi rapidement lorsque la couleur désirée est atteinte.

Particularités
Malt Château Froment Chocolat est un malt très torréfié, mais pas autant élevé que le malt noir. Grâce à ce malt, une couleur brun foncé avec des notes de café noir et chocolat doux-amer peut être obtenue dans la bière. La version blé du malt Chocolat a un caractère de chocolat noir plus prononcé par rapport à la version de l''orge. Ce malt ajoute de la couleur et de la saveur à une grande variété de bières foncées et il est utilisé pour adoucir certaines bières brunes de style anglais, telles que les stouts, porteurs, ou ales brunes.

Usage
Bières brunes de style anglais, stouts, porteurs, ou ales brunes. Ce malt doit être utilisé jusqu''à 20% du mélange.
'
♆⎈MALTERIE DU CHÂTEAU⎈CHÂTEAU FROMENT BLACK (WHEAT BLACK)⎈Grain malté⎈Caramel|Crystal⎈1250⎈77⎈Blé⎈2022⎈https://www.castlemalting.com/CastleMaltingMaltSpecification.asp?Command=SpecificationShow&SpecificationID=244&CropYear=2022&Language=French&FileType=HTML⎈'
Caractéristiques
Le Malt Château Froment Black apportera à votre bière les mêmes caractéristiques de couleur foncées que notre traditionnel malt Château Black.

Particularités
C’est un nouveau type de malt torréfié, qui va ajouter des saveurs complexes à vos bières, avec une note dominante de café et un caractère torréfié plus prononcé. Grace à notre technologie de torréfaction unique, ce malt n’apportera pas de l’astringence à la bière. Merci de noter que vous n’allez pas obtenir un goût typique de malt de froment non torréfié

Usage
Le Dunkelweizen, l’Altbier, les IPA Noires, et les ales de spécialité. Ce malt doit être utilisé jusqu''à 20% du mélange.
'
♆⎈MALTERIE DU CHÂTEAU⎈MALT CHÂTEAU RYE (SEIGLE)⎈Grain malté⎈Base (Sègle)⎈5.5⎈83⎈Seigle⎈2022⎈https://www.castlemalting.com/CastleMaltingMaltSpecification.asp?Command=SpecificationShow&SpecificationID=221&CropYear=2022&Language=French&FileType=HTML⎈'
Caractéristiques
Type de malt entièrement modifié et décortiqué avec une teneur élevée en β-glucane. Il se comporte bien dans un empâtage par infusion à température unique.

Particularités
Donne une couleur dorée à votre bière. Ce malt apporte une touche unique de saveur de seigle et ajoute une complexité intéressante en offrant une nouvelle touche dans de nombreux styles de bière bien connus.

Usage
Jusqu’à 30% du mélange
'
♆⎈MALTERIE DU CHÂTEAU⎈MALT CHÂTEAU SPELT (ÉPEAUTRE)⎈Grain malté⎈Base (Pilsner|Lager)⎈5⎈79⎈Épeautre⎈2022⎈https://www.castlemalting.com/CastleMaltingMaltSpecification.asp?Command=SpecificationShow&SpecificationID=220&CropYear=2022&Language=French&FileType=HTML⎈'
Caractéristiques
Château Epeautre est un type de malt pale, bien modifié. Produit à partir de variétés de blé dur à grains durs (Heirloom), il a un niveau plus élevé en protéines par rapport aux autres malts de blé.

Particularités
Il donne un agréable goût de noisette, apporte un arôme épicé et un caractère terreux à votre bière. Parfait pour les bières belges de saison et les bières de blé.

Usage
Jusqu’à 15% du mélange. 
'
♆⎈MALTERIE DU CHÂTEAU⎈CHÂTEAU BUCKWHEAT (SARRASIN)⎈Grain malté⎈Base (Blé)⎈9.5⎈66⎈Sarrasin⎈2022⎈https://www.castlemalting.com/CastleMaltingMaltSpecification.asp?Command=SpecificationShow&SpecificationID=201&CropYear=2022&Language=French&FileType=HTML⎈'
Caractéristiques
Malté à partir d’une pseudo-céréale, le malt Château Sarrasin est utilisé pour produire de la bière sans gluten.

Particularités
Château Sarrasin a les propriétés adéquates pour remplacer le malt d’orge afin de produire de la bière sans gluten. Apporte une saveur de noisette et de malt à votre bière. Il peut également être utilisé dans les bières spéciales pour rendre une note de richesse et profondeur. NB! Le Malt Château Sarrasin n''a pas de pouvoir diastasique.

Usage
Jusqu’à 40% du mélange. 
'
♆⎈MALTERIE DU CHÂTEAU⎈CHÂTEAU CHIT BARLEY MALT FLAKES (ORGE FLOCONS)⎈Flocons maltés⎈Flocons maltés⎈5⎈77⎈Orge⎈2022⎈https://www.castlemalting.com/CastleMaltingMaltSpecification.asp?Command=SpecificationShow&SpecificationID=223&CropYear=2022&Language=French&FileType=HTML⎈'
Caractéristiques
Type de malt légèrement touraillé, produit à partir d''orge trempée qui a germé pendant un temps très court

Particularités
Les flocons d''orge maltée conservent la plupart des caractéristiques d''orge brut et sont utilisés pour améliorer la stabilité de la mousse et équilibrer le malt à haute solubilité. Confèrent une riche saveur de grains secs à la bière et sont principalement utilisés dans stout. Ce malt améliore la formation de la note de tête et assure la stabilité

Usage
Jusqu’à 30% du mélange
'
♆⎈MALTERIE DU CHÂTEAU⎈CHÂTEAU CHIT WHEAT MALT FLAKES (BLÉ FLOCONS⎈Flocons maltés⎈Flocons maltés⎈7⎈77⎈Blé⎈2022⎈https://www.castlemalting.com/CastleMaltingMaltSpecification.asp?Command=SpecificationShow&SpecificationID=222&CropYear=2022&Language=French&FileType=HTML⎈'
Caractéristiques
Grains aplatis de blé malté - type de malt légèrement touraillé, produit à partir du blé trempé qui a germé pendant un temps très court.

Particularités
Les flocons de blé malté conservent la plupart des caractéristiques de blé brut et sont utilisés pour améliorer la stabilité de la mousse et équilibrer le malt à haute solubilité. Les flocons peuvent être ajoutés directement dans le maische.

Usage
Jusqu’à 25% du mélange. 
'
♆⎈MALTERIE DU CHÂTEAU⎈CHÂTEAU FLOCONS D’AVOINE⎈Flocons⎈Flocons⎈4⎈69.5⎈Avoine⎈2022⎈https://www.castlemalting.com/CastleMaltingMaltSpecification.asp?Command=SpecificationShow&SpecificationID=280&CropYear=2022&Language=French&FileType=HTML⎈'
Caractéristiques
Les flocons d’avoine sont des auxiliaires de brassage prégélatinisés, produits à partir de grains d’avoine sélectionnés, soumis à un processus de floconnage où le grain entier est cuit à la vapeur et passé entre des cylindres chauffés pour ouvrir la structure de l''amidon dans l''endosperme du noyau. De plus, ils ont un niveau modéré de lipides et des niveaux élevés de glucanes et de protéines, qui doivent être pris en compte dans le processus de brassage.

Particularités
Grâce à des taux élevés de bêta-glucanes et de protéines, les Château Flocons d’avoine donnent de l’onctuosité et une sensation soyeuse en bouche, ils améliorent la rétention du corps et de la tête de la bière. Ils peuvent être ajoutés directement à l’empâtage, sans concassage ou cuisson préliminaire, car il s''agit d''un auxiliaire pré-gélatinisé, sous forme de flocons.

Usage
Conseillés pour des bières type English Porter, Stout, New England IPA et des bières blanches belges. Jusqu’à 10% du mélange. Cas particulier pour la bière noire à l''avoine où ils peuvent être ajoutés jusqu’à 25% du mélange.
'
♆⎈MALTERIE DU CHÂTEAU⎈CHÂTEAU FLOCONS DE MAÏS⎈Flocons⎈Flocons⎈3.5⎈81.6⎈Maïs⎈2022⎈https://www.castlemalting.com/CastleMaltingMaltSpecification.asp?Command=SpecificationShow&SpecificationID=282&CropYear=2022&Language=French&FileType=HTML⎈'
Caractéristiques
Les flocons de maïs sont des auxiliaires de brassage prégélatinisés, produits à partir de grains de maïs sélectionnés, soumis à un processus de floconnage où le grain entier est cuit à la vapeur et passé entre des cylindres chauffés pour ouvrir la structure de l''amidon dans l''endosperme du noyau. De plus, les Château Flocons de maïs ont de faibles niveaux de lipides et de protéines, et un niveau élevé d''hydrates de carbone, qui doivent être pris en compte dans le processus de brassage.

Particularités
Les Château Flocons de maïs aident à alléger le corps et les flaveurs de la bière, en la rendant très buvable et rafraichissante, avec une sensation claire et croquante en bouche et une belle couleur pâle. Les Château Flocons de maïs ont une couleur légèrement plus prononcée et donnent à la bière une note finale légèrement plus sucrée que les Château Flocons de Riz. Ils peuvent être rajoutés directement à l’empâtage, sans concassage ou cuisson préliminaire, car il s''agit d''un auxiliaire pré-gélatinisé, sous forme de flocons.

Usage
Conseillé pour des bières de type American Lagers, American Light Lagers et des bières légères. Jusqu''à 20% du mélange. La puissance diastasique totale du moût, de la cuve et du lit de filtration doit être vérifiée pour des niveaux élevés de Château Flocons de maïs.
'
♆⎈MALTERIE DU CHÂTEAU⎈CHÂTEAU FLOCONS DE RIZ⎈Flocons⎈Flocons⎈2.5⎈72.8⎈Riz⎈2022⎈https://www.castlemalting.com/CastleMaltingMaltSpecification.asp?Command=SpecificationShow&SpecificationID=281&CropYear=2022&Language=French&FileType=HTML⎈'
Caractéristiques
Les flocons de riz sont des auxiliaires de brassage prégélatinisés, produits à partir de grains de riz décortiqués sélectionnés, soumis à un processus de floconnage où le grain entier est cuit à la vapeur et passé entre des cylindres chauffés pour ouvrir la structure de l''amidon dans l''endosperme du noyau. De plus, les Château Flocons de riz ont de faibles niveaux de lipides et de protéines, et un niveau élevé d''hydrates de carbone qui doivent être pris en compte dans le processus de brassage.

Particularités
Les Château Flocons de Riz aident à alléger le corps et les flaveurs de la bière, en la rendant très buvable et rafraichissante, avec une sensation claire et croquante en bouche et une belle couleur pâle. Les Château Flocons de Riz ont une coloration plus basse et donnent à la bière une note finale plus sèche que les Château Flocons de Maïs. Ils peuvent être ajoutés directement à l’empâtage, sans concassage ou cuisson préliminaire, car il s''agit d''un auxiliaire pré-gélatinisé, sous forme de flocons.

Usage
Conseillé pour des bières de type American Lagers, American Light Lagers et des bières légères. Jusqu''à 20% du mélange. La puissance diastasique totale du moût, de la cuve et du lit de filtration doit être vérifiée pour des niveaux élevés de Château flocons de riz.
'
♆⎈MALTERIE DU CHÂTEAU⎈CHÂTEAU ORGE CRUE⎈Grain non malté⎈Grains crus⎈2.5⎈68⎈Orge⎈2022⎈https://www.castlemalting.com/CastleMaltingMaltSpecification.asp?Command=SpecificationShow&SpecificationID=287&CropYear=2022&Language=French&FileType=HTML⎈'
Caractéristiques
Château Orge Crue est une sélection de grains d’orge de haute qualité produite dans le but d’être utilisée comme complément de brassage dans la recette de bière. Elle apporte de bons niveaux de protéines et d’amidon à la recette, ainsi que sa saveur de grain typique. En raison de sa plage de température de gélatinisation, elle peut être ajoutée directement dans la maîche sans la précuire.

Particularités
Château Orge Crue aide à alléger le corps et la douceur maltée de la bière ainsi que sa couleur tout en lui conservant la saveur de grain riche typique de l’orge. Elle peut être utilisée pour obtenir une finition propre et sèche et améliorer la rétention de la tête.

Usage
Lagers et Ales foncées, stouts traditionnellement secs. Jusqu’à 15% de la facture de céréales.
'
♆⎈MALTERIE DU CHÂTEAU⎈CHÂTEAU AVOINE CRUE⎈Grain non malté⎈Grains crus⎈5.5⎈80⎈Avoine⎈2022⎈https://www.castlemalting.com/CastleMaltingMaltSpecification.asp?Command=SpecificationShow&SpecificationID=274&CropYear=2022&Language=French&FileType=HTML⎈'
Caractéristiques
Cette céréale non maltée doit être utilisée avec précaution comme complément qui peut offrir de nombreux bénéfices.

Particularités
L’avoine crue donne un corps plus ample à la bière, mais aussi une onctuosité en bouche grâce a son contenu élevé de bêta-glucanes. Cette céréale forme beaucoup de sucres non fermentescibles dans le moût, ce qui donne une densité finale élevée et donc des saveurs plus sucrées et plus douces dans la bière. L''avoine crue est généralement écrasée séparément avant d''être ajoutée au reste des ingrédients. Cependant, elle pourrait également être utilisée directement en association avec Château Pilsen 6-rangs, pour compenser la viscosité de l''avoine et apporter plus de protéines, contribuant à la rétention de la tête.

Usage
Tout type de bière dans laquelle la combinaison des caractéristiques mentionnées ci-dessus est souhaitée. Les bières de session Hoppy en sont un exemple. Jusqu''à 30% du mélange.
'
♆⎈MALTERIE DU CHÂTEAU⎈CHÂTEAU ACIDE⎈Grain malté⎈Acidulé⎈10⎈74⎈Orge⎈2022⎈https://www.castlemalting.com/CastleMaltingMaltSpecification.asp?Command=SpecificationShow&SpecificationID=143&CropYear=2022&Language=French&FileType=HTML⎈'
Caractéristiques
Malt d’orge acidulé aux lactobacilles, qui diminue le pH du moût et peut être utilisé lors du brassage avec de l’eau riche en bicarbonate.

Particularités
Le malt Château Acide est une solution parfaite pour l''eau de brassage avec une alcalinité faible. Améliore la performance des enzymes hydrolytiques et assure un meilleur empâtage. Il intensifie également la fermentation en ajustant le niveau du pH. Le malt acide améliore le goût bien équilibré de votre bière et renforce la stabilité de son arôme.

Usage
Jusqu’à 5% du mélange. 
'
♆⎈MALTERIE DU CHÂTEAU⎈CHÂTEAU DIASTASIQUE⎈Grain malté⎈Base (Pilsner|Lager)⎈3.2⎈80⎈Orge⎈2022⎈https://www.castlemalting.com/CastleMaltingMaltSpecification.asp?Command=SpecificationShow&SpecificationID=191&CropYear=2022&Language=French&FileType=HTML⎈'
Caractéristiques
Malt enzymatique. Produit des meilleures orges européennes.

Particularités
Augmente le rendement, donne le pouvoir enzymatique nécessaire dans le brassage avec des malts à pouvoir diastasique faible ou avec des grains non-maltés.

Usage
Tous les types de bières. Mélange recommandé : jusqu`a 30%.
'
♆⎈MALTERIE DU CHÂTEAU⎈CHÂTEAU PILSEN NATURE® ⎈Grain malté⎈Base (Pilsner|Lager)⎈2⎈81⎈Orge⎈2022⎈https://www.castlemalting.com/CastleMaltingMaltSpecification.asp?Command=SpecificationShow&SpecificationID=186&CropYear=2022&Language=French&FileType=HTML⎈'
Caractéristiques
Malt belge BIO le plus légèrement coloré. Produit des meilleures orges de printemps d’origine bio certifiée. Touraillage jusqu’à 80 - 85°C.

Particularités
Le plus légèrement coloré et à une basse teneur en protéines, ce malt est bien modifié et facilement empâté par infusion ou décoction. Château Pilsen Nature® a une flaveur forte et douce de malt et possède assez de pouvoir enzymatique pour être utilisé en qualité de malt de base.

Usage
Pour des bières BIO claires et blondes. Excellent dans beaucoup de bières légers tels que les Pilsners, les Lagers américaines et européennes, les ales belges et les bières blanches. Peut être utilisé jusqu’à 100 % du mélange pour des bières blondes (Pilsner, Lager) ou en moindres pourcentages pour les autres bières.
'
♆⎈MALTERIE DU CHÂTEAU⎈CHÂTEAU VIENNA NATURE⎈Grain malté⎈Vienne⎈2⎈80⎈Orge⎈2022⎈https://www.castlemalting.com/CastleMaltingMaltSpecification.asp?Command=SpecificationShow&SpecificationID=235&CropYear=2022&Language=French&FileType=HTML⎈'
Caractéristiques
Malt belge de base Château Vienna Nature. Légèrement touraillé jusqu’à 85 - 90°C, avec une durée de touraillage plus courte que dans le cas des autres malts.

Particularités
Donne une saveur un peu plus intense de malt et céréales que le malt Pilsen, ainsi que quelques arômes de caramel. Touraillé à température plus élevée que le malt Pilsen. De ce fait, il produit une couleur dorée un peu plus riche et intensifie en même temps le corps et la plénitude de la bière. Grâce à la température plus haute de touraillage, l’activité enzymatique du malt Château Vienna Nature est un peu plus basse que celle du malt Pilsen. Néanmoins, le malt Château Vienna Nature a assez de pouvoir enzymatique pour supporter l’addition de grandes quantités de malts spéciaux.

Usage
Comme base, pour tous les types de bières BIO; Vienna lager BIO. Intensifie la couleur et l’arôme des bières légères. Peut être utilisé jusqu’à 100 % du mélange : 10 – 30 % pour les Pils, 60 – 90 % pour des bières claires ambrées BIO ; 70 – 80 % pour des bières ambrées et foncées BIO.
'
♆⎈MALTERIE DU CHÂTEAU⎈CHÂTEAU PALE ALE NATURE⎈Grain malté⎈Base (Pale Ale)⎈1.2⎈80⎈Orge⎈2022⎈https://www.castlemalting.com/CastleMaltingMaltSpecification.asp?Command=SpecificationShow&SpecificationID=208&CropYear=2022&Language=French&FileType=HTML⎈'
Caractéristiques
Malt de base belge BIO légèrement coloré. Touraillé jusqu’à 90 - 95°C.

Particularités
Le malt Château Pale Ale Nature est généralement utilisé comme malt de base ou en combinaison avec le malt Pilsen Nature afin d’obtenir une flaveur de malt plus intense et de la coloration complémentaire. D’une couleur plus foncée, ce malt peut donner une teinte dorée à la couleur du moût. Pour produire des bières BIO ambrées et amères, s’utilise avec des levures puissantes. Touraillé pendant une période plus longue, il est mieux modifié et apporte une flaveur plus prononcée que le malt Pilsen Nature. Les enzymes du malt Château Pale Ale Nature supportent l’utilisation des malts spéciaux BIO non-enzymatiques.

Usage
Bières type BIO Pale Ale, amères, la plupart des bières anglaises traditionnelles. Peut être utilisé jusqu’à 100% du mélange.
'
♆⎈MALTERIE DU CHÂTEAU⎈CHÂTEAU MUNICH LIGHT NATURE⎈Grain malté⎈Munich⎈2.5⎈80⎈Orge⎈2022⎈https://www.castlemalting.com/CastleMaltingMaltSpecification.asp?Command=SpecificationShow&SpecificationID=209&CropYear=2022&Language=French&FileType=HTML⎈'
Caractéristiques
Malt belge BIO spécial de type Munich. Touraillé jusqu’à 100 - 105°C.

Particularités
Un malt BIO riche et doré. Intensifie légèrement la coloration vers une belle couleur orange-doré. Donne à certaines bières un arôme prononcé de grains et de malt, sans nuire à la stabilité de la mousse et au corps. En petites quantités, en combinaison avec le malt Château Pilsen Nature, ce malt est utilisé dans la production des bières BIO claires pour affiner la flaveur de malt et obtenir une couleur plus riche. Renforce le goût des bières de caractère.

Usage
Bières BIO Pale Ale, ambrées, brunes, fortes et foncées, Bocks. Mélange recommandé : jusqu’à 60%.
'
♆⎈MALTERIE DU CHÂTEAU⎈CHÂTEAU MUNICH NATURE®⎈Grain malté⎈Munich⎈24.5⎈80⎈Orge⎈2022⎈https://www.castlemalting.com/CastleMaltingMaltSpecification.asp?Command=SpecificationShow&SpecificationID=200&CropYear=2022&Language=French&FileType=HTML⎈'
Particularités
Un malt BIO riche et doré. Intensifie légèrement la coloration vers une belle couleur orange-doré. Donne à certaines bières un arôme prononcé de grains et de malt, sans nuire à la stabilité de la mousse et au corps. En petites quantités, en combinaison avec le malt Château Pilsen Nature, ce malt est utilisé dans la production des bières BIO claires pour affiner la flaveur de malt et obtenir une couleur plus riche. Renforce le goût des bières de caractère.

Usage
Bières BIO Pale Ale, ambrées, brunes, fortes et foncées, Bocks. Mélange recommandé : jusqu’à 60%.
'
♆⎈MALTERIE DU CHÂTEAU⎈CHÂTEAU MELANO LIGHT NATURE⎈Grain malté⎈Caramel|Crystal⎈40⎈78⎈Orge⎈2022⎈https://www.castlemalting.com/CastleMaltingMaltSpecification.asp?Command=SpecificationShow&SpecificationID=254&CropYear=2022&Language=French&FileType=HTML⎈'
Caractéristiques
Malt BIO belge Mélanoïdine (Mélano Light Nature). Germination spéciale. Processus spécial de touraillage jusqu’à 130°C. Tandis que le malt Château Mélano est lentement touraillé, la température est augmentée, ce qui permet la formation des mélanoïdes. *)

Particularités
Très aromatique, avec une flaveur intense de malt. Donne de la plénitude et de la rondeur à la couleur de la bière, intensifie la stabilité de la flaveur et enrichit la couleur rouge de la bière. Augmente le corps de la bière. Ce malt est aussi appelé «Turbo Munich».

Usage
BIO bières ambrées et foncées, type ales écossaises, ales ambrées, rouges. Mélange recommandé: jusqu’à 20%.
'
♆⎈MALTERIE DU CHÂTEAU⎈CHÂTEAU ABBAYE NATURE®⎈Grain malté⎈Caramel|Crystal⎈45⎈78⎈Orge⎈2022⎈https://www.castlemalting.com/CastleMaltingMaltSpecification.asp?Command=SpecificationShow&SpecificationID=219&CropYear=2022&Language=French&FileType=HTML⎈'
Caractéristiques
Malt belge brun. Germination spéciale et touraillage jusqu’à 110°C.

Particularités
Donne une forte saveur de pain cuit, noix et fruits. La flaveur de ce malt a quelques notes d’amertume qui s’adoucissent avec sa maturité. Le malt Château Abbaye® peut avoir une flaveur assez forte et est généralement utilisé en petits pourcentages (10%) dans la production des types de bière réclamant une coloration intense.

Usage
Bières types Pale Ale, porters bruns et bières spéciales ; diverses bières anglaises. Jusqu’à 25% du mélange.
'
♆⎈MALTERIE DU CHÂTEAU⎈CHÂTEAU MELANO NATURE®⎈Grain malté⎈Caramel|Crystal⎈80⎈78⎈Orge⎈2022⎈https://www.castlemalting.com/CastleMaltingMaltSpecification.asp?Command=SpecificationShow&SpecificationID=267&CropYear=2022&Language=French&FileType=HTML⎈'
Caractéristiques
Malt belge Mélanoïdine (Mélano) Nature. Germination spéciale. Processus spécial de touraillage jusqu’à 130°C. Tandis que le malt Château Mélano est lentement touraillé, la température est augmentée, ce qui permet la formation des mélanoïdes.*)

Particularités
Très aromatique, avec une flaveur intense de malt. Donne de la plénitude et de la rondeur à la couleur de la bière, intensifie la stabilité de la flaveur et enrichit la couleur rouge de la bière. Augmente le corps de la bière. Ce malt est aussi appelé «Turbo Munich».

Usage
Bières ambrées et foncées, type ales écossaises, ales ambrées, rouges. Mélange recommandé: jusqu’à 20%.
'
♆⎈MALTERIE DU CHÂTEAU⎈CHÂTEAU ARÔME NATURE⎈Grain malté⎈Caramel|Crystal⎈100⎈78⎈Orge⎈2022⎈https://www.castlemalting.com/CastleMaltingMaltSpecification.asp?Command=SpecificationShow&SpecificationID=270&CropYear=2022&Language=French&FileType=HTML⎈'
Caractéristiques
Malt belge bio aromatique. Haute température de germination, touraillé jusqu’à 115°C pour développer un grand arôme.

Particularités
Donne un arôme et une flaveur très vive de malt aux bières ambrées et lagers foncés. En comparaison aux autres malts colorés traditionnels, le malt Château Arôme a un pouvoir diastasique plus élevé et produit une amertume moins intense.

Usage
Bières spéciales très aromatiques. Peut être utilisé jusqu’à 20% du mélange.
'
♆⎈MALTERIE DU CHÂTEAU⎈CHÂTEAU CRYSTAL NATURE⎈Grain malté⎈Caramel|Crystal⎈150⎈78⎈Orge⎈2022⎈https://www.castlemalting.com/CastleMaltingMaltSpecification.asp?Command=SpecificationShow&SpecificationID=210&CropYear=2022&Language=French&FileType=HTML⎈'
Caractéristiques
Malt belge BIO aromatique, à caramélisation spéciale développée par la Malterie du Château. Processus particulier de germination. Caramélisé en quelques étapes pour obtenir ses arôme et saveur uniques.

Particularités
Ce malt BIO de couleur caramel - cuivre donne un goût riche et de l’arôme aux bières ambrées et foncées du type Lager. Par comparaison aux autres malts BIO colorés traditionnels, Château Crystal Nature® a plus de pouvoir diastasique et apporte une amertume plus douce à la bière.

Usage
Bières BIO aromatiques et colorées. Toutes bières BIO réclamant une forte saveur de malt. Ales belges et bocks allemandes. Mélange recommandé : jusqu’à 20%.
'
♆⎈MALTERIE DU CHÂTEAU⎈CHÂTEAU CAFÉ LIGHT NATURE®⎈Grain malté⎈Caramel|Crystal⎈250⎈77⎈Orge⎈2022⎈https://www.castlemalting.com/CastleMaltingMaltSpecification.asp?Command=SpecificationShow&SpecificationID=268&CropYear=2022&Language=French&FileType=HTML⎈'
Caractéristiques
Malt belge Château Café Light. Révélation du goût jusqu’à 200°C.

Particularités
Donne un goût doux et une saveur de café et de noix à la bière. Apporte de la complexité à toutes les ales foncées et renforce la couleur de la bière.

Usage
Stouts, porters, dans les ales brunes - en petites quantités pour obtenir quelques nuances de café rôti frais. Mélange recommandé: jusqu’à 10%.
'
♆⎈MALTERIE DU CHÂTEAU⎈CHÂTEAU SMOKED NATURE®⎈Grain malté⎈Base (Fumé)⎈8⎈77⎈Orge⎈2022⎈https://www.castlemalting.com/CastleMaltingMaltSpecification.asp?Command=SpecificationShow&SpecificationID=229&CropYear=2022&Language=English&FileType=HTML⎈'
Features
Enzymatically active special type of organic malt used in the production of a wide variety of organic beer styles and organic whisky.

Characteristics
Smoked over beech wood, this malt develops an intense smoky and sweet-key flavor in your beer or whisky.

Usage
Smoked organic beers, organic specialty beers, organic Rauchbier, organic Alaskan smoked ales and Scottish ales, organic whisky. Up to 15% of the mix.
'
♆⎈MALTERIE DU CHÂTEAU⎈CHÂTEAU CARA CLAIR NATURE⎈Grain malté⎈Caramel|Crystal⎈9⎈78⎈Orge⎈2022⎈https://www.castlemalting.com/CastleMaltingMaltSpecification.asp?Command=SpecificationShow&SpecificationID=252&CropYear=2022&Language=English&FileType=HTML⎈'
Caractéristiques
Malt Château Cara Clair Nature est le plus pâle Malt Caramel belge réalisé selon un procédé particulier.

Particularités
Château Cara Clair Nature est un type de malt caramel belge qui intensifie le corps de la bière. Il favorise la formation et la tenue de la mousse. Il apporte douceur et arôme de biscuit à la bière.

Usage
Organic Pilsner Lager, bière avec une quantité réduite d’alcool, bière légère, bière Bock. Jusqu''à 30% du mélange.
'
♆⎈MALTERIE DU CHÂTEAU⎈CHÂTEAU CARA BLOND NATURE⎈Grain malté⎈Caramel|Crystal⎈20⎈78⎈Orge⎈2022⎈https://www.castlemalting.com/CastleMaltingMaltSpecification.asp?Command=SpecificationShow&SpecificationID=202&CropYear=2022&Language=French&FileType=HTML⎈'
Caractéristiques
Malt Château Cara Blond Nature® belge. Torréfié à température modérée pour enlever l’amertume.

Particularités
Le malt Château Cara Blond Nature® donne un arôme doux, ainsi qu’une flaveur unique de caramel. Il crée une couleur dorée. Une particularité typique de malts Caramel Nature est la présence des grains entiers qui fournissent les composants non-fermentescibles nécessaires pour augmenter le moelleux en bouche, la stabilité de la mousse et celle de la bière.

Usage
Bières BIO blanches, légères, à faible densité alcoolique et sans alcool, bières d`Abbaye. Mélange maximum recommandé : jusqu’à 30%.
'
♆⎈MALTERIE DU CHÂTEAU⎈CHÂTEAU CARA RUBY NATURE®⎈Grain malté⎈Caramel|Crystal⎈50⎈78⎈Orge⎈2022⎈https://www.castlemalting.com/CastleMaltingMaltSpecification.asp?Command=SpecificationShow&SpecificationID=203&CropYear=2022&Language=French&FileType=HTML⎈'
Caractéristiques
Malt Château Cara Ruby Nature® belge. Haute température de germination. Torréfié jusqu’à 220°C pour développer un grand arôme.

Particularités
Château Cara Ruby Nature® donne un arôme riche, ainsi qu’une flaveur unique de caramel. Il crée une couleur ambrée claire à rougeâtre. Une particularité typique de malts Caramel Nature est la présence des grains entiers qui fournissent les composants non-fermentescibles nécessaires pour augmenter le moelleux en bouche, la stabilité de la mousse et celle de la bière.

Usage
Bières BIO blanches, légères, à faible densité alcoolique et sans alcool, bières d`Abbaye. Mélange maximum recommandé : jusqu’à 25%.
'
♆⎈MALTERIE DU CHÂTEAU⎈CHÂTEAU CARA HONEY NATURE⎈Grain malté⎈Caramel|Crystal⎈70⎈75⎈Orge⎈2022⎈https://www.castlemalting.com/CastleMaltingMaltSpecification.asp?Command=SpecificationShow&SpecificationID=288&CropYear=2022&Language=French&FileType=HTML⎈'
Caractéristiques
Malt caramel ambré belge. Germination à haute température, suivie d’une torréfaction en tambour.

Particularités
Ce malt confère une teinte rougeâtre aux bières ainsi que des notes de caramel, de bonbon et de pain. Il donne du corps aux bières spéciales et il améliore la formation et la rétention de la mousse.

Usage
Bières de type ale ou lager: rouges, ambrées ou brunes; ou pour des bières de type Bock ou foncées. Mélange maximum recommandé: jusqu’à 20%.
'
♆⎈MALTERIE DU CHÂTEAU⎈CHÂTEAU CARA AROME NATURE⎈Grain malté⎈Caramel|Crystal⎈90⎈75⎈Orge⎈2022⎈https://www.castlemalting.com/CastleMaltingMaltSpecification.asp?Command=SpecificationShow&SpecificationID=275&CropYear=2022&Language=French&FileType=HTML⎈'
Caractéristiques
Malt caramel aromatique belge nature. Germination à haute température, suivie d’une torréfaction en tambour.

Particularités
Ce malt nature confère une teinte ambré foncé à cuivré aux bières. Il apporte des arômes intenses de caramel et de malt, ainsi que des notes de biscuit. Il intensifie considérablement le corps des bières spéciales et il améliore la formation et la rétention de la mousse.

Usage
Bières ales et lager de tout type. Mélange maximum recommandé: jusqu’à 15%.
'
♆⎈MALTERIE DU CHÂTEAU⎈CHÂTEAU CARA GOLD NATURE®⎈Grain malté⎈Caramel|Crystal⎈120⎈78⎈Orge⎈2022⎈https://www.castlemalting.com/CastleMaltingMaltSpecification.asp?Command=SpecificationShow&SpecificationID=204&CropYear=2022&Language=French&FileType=HTML⎈'
Caractéristiques
Malt caramel Nature belge doré. Haute température de germination. Torréfié jusqu’à 220°C pour développer un grand arôme.

Particularités
Le malt Château Cara Gold Nature® donne un arôme intense, ainsi qu’une flaveur unique de caramel et de cassonade. Il crée une couleur ambrée riche. Une particularité typique de malts Caramel Nature est la présence des grains entiers qui fournissent les composants non-fermentescibles nécessaires pour augmenter le moelleux en bouche, la stabilité de la mousse et celle de la bière.

Usage
Bières BIO aromatiques et colorées. Mélange maximum recommandé : jusqu’à 20%.
'
♆⎈MALTERIE DU CHÂTEAU⎈CHÂTEAU CARA CRYSTAL NATURE⎈Grain malté⎈Caramel|Crystal⎈150⎈74⎈Orge⎈2022⎈https://www.castlemalting.com/CastleMaltingMaltSpecification.asp?Command=SpecificationShow&SpecificationID=276&CropYear=2022&Language=French&FileType=HTML⎈'
Caractéristiques
Malt caramel belge foncé nature. Germination à haute température, suivie d’une torréfaction en tambour.

Particularités
Ce malt nature confère une teinte ambré foncé à cuivré profond. Il apporte des arômes intenses de malt, de caramel et de biscuit. Il intensifie considérablement le corps des bières spéciales et il améliore la formation et la rétention de la mousse.

Usage
Bières de type Brown Ale, Lager foncée, Ambrée, Bock, etc. Mélange maximum recommandé: jusqu’à 15%.
'
♆⎈MALTERIE DU CHÂTEAU⎈CHÂTEAU CARA CAFÉ NATURE⎈Grain malté⎈Caramel|Crystal⎈400⎈70⎈Orge⎈2022⎈https://www.castlemalting.com/CastleMaltingMaltSpecification.asp?Command=SpecificationShow&SpecificationID=277&CropYear=2022&Language=French&FileType=HTML⎈'
Caractéristiques
Malt caramel belge nature avec des notes de café. Germination à haute température, suivie d’une torréfaction en tambour.

Particularités
Ce malt nature confère une teinte brune aux bières. Il apporte des arômes intenses de caramel foncé, de noix grillées et de fruits secs. Il intensifie fortement le corps des bières spéciales.

Usage
Bières ambrées, Stout, Bock, Bière d’octobre, Lager, Ale foncée, Rouge Irlandaise, Barley Wine, etc. Mélange maximum recommandé: jusqu’à 15%.
'
♆⎈MALTERIE DU CHÂTEAU⎈CHÂTEAU BISCUIT NATURE⎈Grain malté⎈Amber|Biscuit|Victory⎈50⎈77⎈Orge⎈2022⎈https://www.castlemalting.com/CastleMaltingMaltSpecification.asp?Command=SpecificationShow&SpecificationID=205&CropYear=2022&Language=French&FileType=HTML⎈'
Caractéristiques
Malt belge BIO unique et très spécial. Légèrement touraillé, puis légèrement torréfié jusqu’à 160°C.

Particularités
Le malt Château Biscuit Nature® crée un arrière-goût de « grillé » bien prononcé. Apporte de l’arôme et de la flaveur de pain et biscuits doux. Ce malt donne au moût une couleur douce de brun léger à moyen. Le malt Biscuit Nature® est utilisé afin d’intensifier le goût et l’arôme de grillé, qui caractérise les bières de types BIO Ale et Lager, en conférant des propriétés raffinées des malts Château Black Nature et Château Chocolat Nature. Ne contient pas d’enzymes. Doit être empâté avec des malts à pouvoir diastasique important.

Usage
Toutes les bières BIO spéciales, ales anglaises, ales brunes et porters. Mélange maximum recommandé : 25%. 
'
♆⎈MALTERIE DU CHÂTEAU⎈CHÂTEAU CAFÉ NATURE⎈Grain malté⎈Caramel|Crystal⎈470⎈75.5⎈Orge⎈2022⎈https://www.castlemalting.com/CastleMaltingMaltSpecification.asp?Command=SpecificationShow&SpecificationID=260&CropYear=2022&Language=French&FileType=HTML⎈'
Caractéristiques
Malt belge Café. Révélation du goût jusqu’à 200°C.

Particularités
Donne un goût doux et une saveur de café et de noix à la bière. Apporte de la complexité à toutes les ales foncées et renforce la couleur de la bière.

Usage
Stouts, porters, dans les ales brunes - en petites quantités pour obtenir quelques nuances de café rôti frais. Mélange recommandé: jusqu’à 10%.
'
♆⎈MALTERIE DU CHÂTEAU⎈CHÂTEAU CHOCOLAT NATURE®⎈Grain malté⎈Chocolat⎈1000⎈75⎈Orge⎈2022⎈https://www.castlemalting.com/CastleMaltingMaltSpecification.asp?Command=SpecificationShow&SpecificationID=212&CropYear=2022&Language=French&FileType=HTML⎈'
Caractéristiques
Malt belge Château Chocolat Nature. Torréfié à 220°C, puis rapidement refroidi dès que la couleur désirée est obtenue.

Particularités
Le malt Château Chocolat Nature est un malt torréfié à haute température pour obtenir la couleur brun foncé dont découle son nom. Il est utilisé pour affiner la couleur et donner une flaveur de noix torréfiée à la bière. Ce malt a beaucoup de particularités communes avec le malt Black Nature, mais il est moins amer et plus clair, puisqu’il est torréfié pendant une période un peu plus courte et à des températures finales moins élevées.

Usage
Bières BIO foncées, fortes, noires, telles que les Porters, Stouts et Brown Ales. Mélange maximum recommandé : 7%.
'
♆⎈MALTERIE DU CHÂTEAU⎈CHÂTEAU BLACK NATURE®⎈Grain malté⎈Orge rôtie⎈1375⎈73⎈Orge⎈2022⎈https://www.castlemalting.com/CastleMaltingMaltSpecification.asp?Command=SpecificationShow&SpecificationID=206&CropYear=2022&Language=French&FileType=HTML⎈'
Caractéristiques
Malt Château Black Nature 1500 EBC. Le malt BIO le plus foncé. Torréfié jusqu’à 230°C.

Particularités
Renforcement de l’arôme des bières BIO de caractère, apporte une saveur plus astringente que les autres malts BIO colorés. Donne un goût légèrement fumé ou brûlé.

Usage
Bières BIO très foncées, Stouts et Porters. Mélange maximum recommandé : 3%. Pour Stouts : jusqu’à 6%.
'
♆⎈MALTERIE DU CHÂTEAU⎈CHÂTEAU BLACK OF BLACK NATURE⎈Grain malté⎈Orge rôtie⎈800⎈72⎈Orge⎈2022⎈https://www.castlemalting.com/CastleMaltingMaltSpecification.asp?Command=SpecificationShow&SpecificationID=253&CropYear=2022&Language=French&FileType=HTML⎈'
Caractéristiques
Malt bio torréfié unique. Torréfié jusqu’à 225°C.

Particularités
Ce malt spécial bio torréfié offre un grand avantage: Château Black Of Black Nature donne à la bière le goût et l’arôme typiques du malt Black traditionnel sans intensifier la couleur de la bière. Il confère à la bière des notes torréfiées agréables et bien équilibrées. Maintenant vous pouvez brasser une bière bio de couleur ambrée, avec un caractère torréfié plus prononcé, ce qui n’était pas possible avant que la Malterie du Château ne crée une technologie unique au monde pour la production du Château Black Of Black Nature.

Usage
Des bières ambrées jusqu’aux bières très foncées Bio, Stouts et Porters. Mélange maximum recommandé: 5%.
'
♆⎈MALTERIE DU CHÂTEAU⎈CHÂTEAU ROASTED BARLEY NATURE®⎈Grain malté⎈Orge rôtie⎈1200⎈65⎈Orge⎈2022⎈https://www.castlemalting.com/CastleMaltingMaltSpecification.asp?Command=SpecificationShow&SpecificationID=245&CropYear=2022&Language=French&FileType=HTML⎈'
Caractéristiques
Orge Bio torréfiée jusqu’à 230 ºC. La durée du processus de torréfaction détermine la couleur foncée du grain.

Particularités
Château Roasted Barley Nature est une orge très torréfiée qui donne à vos bières un goût fumé et un arôme de café. Château Roasted Barley Nature a des caractéristiques qui ressemblent à celles du malt Château Black Nature bien qu’il soit beaucoup plus complexe. Il a de l’amidon qui peut être converti au cours de l’empâtage ayant, en conséquence, un impact sur la densité spécifique. Château Roasted Barley Nature donne aussi de la douceur à la bière. En comparaison avec les malts Château Chocolat Nature et Château Black Nature l’orge torréfiée produit la mousse la plus claire. Confère à la bière une couleur rouge acajou et un fort arôme torréfié. Rend les bières Stout et Porter plus sèches.

Usage
Stouts Bio, Porters B
Caractéristiques
Orge Bio torréfiée jusqu’à 230 ºC. La durée du processus de torréfaction détermine la couleur foncée du grain.

Particularités
Château Roasted Barley Nature est une orge très torréfiée qui donne à vos bières un goût fumé et un arôme de café. Château Roasted Barley Nature a des caractéristiques qui ressemblent à celles du malt Château Black Nature bien qu’il soit beaucoup plus complexe. Il a de l’amidon qui peut être converti au cours de l’empâtage ayant, en conséquence, un impact sur la densité spécifique. Château Roasted Barley Nature donne aussi de la douceur à la bière. En comparaison avec les malts Château Chocolat Nature et Château Black Nature l’orge torréfiée produit la mousse la plus claire. Confère à la bière une couleur rouge acajou et un fort arôme torréfié. Rend les bières Stout et Porter plus sèches.

Usage
Stouts Bio, Porters Bio, Ales brunes Bio et autres types de bières Bio foncées.
io, Ales brunes Bio et autres types de bières Bio foncées.
'
♆⎈MALTERIE DU CHÂTEAU⎈CHÂTEAU FROMENT BLANC NATURE (WHEAT BLANC BIO)⎈Grain malté⎈Base (Blé)⎈5.5⎈84⎈Blé⎈2022⎈https://www.castlemalting.com/CastleMaltingMaltSpecification.asp?Command=SpecificationShow&SpecificationID=233&CropYear=2022&Language=French&FileType=HTML⎈'
Caractéristiques
Malt de Blé belge. Touraillé jusqu’à 80 - 85°C.

Particularités
Valorise l’arôme spécifique du malt de blé, essentiel dans la production des bières de blé, mais il est aussi utilisé dans les bières maltées (3 – 5%). Sa teneur en protéines donne de la plénitude à la bière et renforce la stabilité de la mousse.

Usage
Bières de blé, blanches, légères, à faible densité alcoolique et sans alcool. Mélange maximum recommandé: 35%.
'
♆⎈MALTERIE DU CHÂTEAU⎈CHÂTEAU FROMENT MUNICH LIGHT NATURE®⎈Grain malté⎈Munich⎈16⎈83⎈Blé⎈2022⎈https://www.castlemalting.com/CastleMaltingMaltSpecification.asp?Command=SpecificationShow&SpecificationID=284&CropYear=2022&Language=French&FileType=HTML⎈'
Caractéristiques
Malt de blé belge très spécial de type Munich. Touraillé jusqu’à 100 - 105°C.

Particularités
Pas trop foncé mais plus riche en flaveur que le malt Château Wheat Blanc. Pour obtenir une bière plus légère et plus pétillante avec un arôme d’ale typique.

Usage
Bières de blé foncées, weizenbocks, stouts, ou, en petits pourcentages, pour intensifier le corps et la stabilité de la mousse des autres ales foncées. Mélange recommandé: jusqu’à 30%.
'
♆⎈MALTERIE DU CHÂTEAU⎈CHÂTEAU CARA FROMENT BLOND NATURE ⎈Grain malté⎈Caramel|Crystal⎈15⎈78⎈Blé⎈2022⎈https://www.castlemalting.com/CastleMaltingMaltSpecification.asp?Command=SpecificationShow&SpecificationID=237&CropYear=2022&Language=French&FileType=HTML⎈'
Caractéristiques
Light brown organic caramel wheat malt with malty odour and sweet malty taste.

Particularités
Enhances the peculiar taste of organic wheat beers. Château Cara Wheat Blond Nature malt is essential in making wheat organic beers, but is also used in barley malt-based organic beers (3–5%) like Brown Beers, Belgian Dubbel, thanks to its protein level that gives the beer a fuller mouthfeel and enhanced head stability.

Usage
Organic wheat beers, white, light beers, beers with low or no alcohol. Recommended max. proportion: up to 30% of the mix
'
♆⎈MALTERIE DU CHÂTEAU⎈CHÂTEAU CARA FROMENT RUBY NATURE⎈Grain malté⎈Caramel|Crystal⎈50⎈78⎈Blé⎈2022⎈https://www.castlemalting.com/CastleMaltingMaltSpecification.asp?Command=SpecificationShow&SpecificationID=248&CropYear=2022&Language=French&FileType=HTML⎈'
Caractéristiques
Malt BIO certifié. Malt froment caramélisé brun clair. Il est torréfié à partir de malt de froment vert.

Particularités
Le Malt Château Cara Wheat Ruby Nature donne un arôme doux de bonbon avec des notes d’amandes et biscuit. Il confère un aspect crémeux et dense à la bière. Le malt Château Cara Wheat Ruby Nature est recommandé pour le réglage de la couleur et l’enrichissement de la saveur. Il est utilisé pour améliorer la mousse et sa rétention.

Usage
Bieres Bio de froment, rouges, Blanche Belge dorée ou bières brunes, bières légères, bières à faible densité alcoolique et sans alcool. Mélange maximum recommandé : jusqu’à 30%.
'
♆⎈MALTERIE DU CHÂTEAU⎈CHÂTEAU FROMENT CHOCOLAT NATURE®⎈Grain malté⎈Chocolat⎈950⎈77⎈Blé⎈2022⎈https://www.castlemalting.com/CastleMaltingMaltSpecification.asp?Command=SpecificationShow&SpecificationID=283&CropYear=2022&Language=French&FileType=HTML⎈'
Caractéristiques
Malt belge de blé Chocolat. Le blé malté est torréfié à 230 ° C, puis refroidi rapidement lorsque la couleur désirée est atteinte.

Particularités
Malt Château Froment Chocolat est un malt très torréfié, mais pas autant élevé que le malt noir. Grâce à ce malt, une couleur brun foncé avec des notes de café noir et chocolat doux-amer peut être obtenue dans la bière. La version blé du malt Chocolat a un caractère de chocolat noir plus prononcé par rapport à la version de l''orge. Ce malt ajoute de la couleur et de la saveur à une grande variété de bières foncées et il est utilisé pour adoucir certaines bières brunes de style anglais, telles que les stouts, porteurs, ou ales brunes.

Usage
Bières brunes de style anglais, stouts, porteurs, ou ales brunes. Ce malt doit être utilisé jusqu''à 20% du mélange.
'
♆⎈MALTERIE DU CHÂTEAU⎈MALT CHÂTEAU RYE NATURE®⎈Grain malté⎈Base (Sègle)⎈5.5⎈83⎈Seigle⎈2022⎈https://www.castlemalting.com/CastleMaltingMaltSpecification.asp?Command=SpecificationShow&SpecificationID=228&CropYear=2022&Language=French&FileType=HTML⎈'
Caractéristiques
Type de malt BIO entièrement modifié et décortiqué avec une teneur élevée en β-glucane. Il se comporte bien dans un empâtage par infusion à température unique.

Particularités
Donne une couleur dorée à votre bière BIO. Ce malt BIO apporte une touche unique de saveur de seigle et ajoute une complexité intéressante en offrant une nouvelle touche dans de nombreux styles de bière BIO bien connus.

Usage
Jusqu’à 30% du mélange
'
♆⎈MALTERIE DU CHÂTEAU⎈MALT CHÂTEAU OAT NATURE®⎈Grain malté⎈Base (Pilsner|Lager)⎈5⎈80⎈Avoine⎈2022⎈https://www.castlemalting.com/CastleMaltingMaltSpecification.asp?Command=SpecificationShow&SpecificationID=227&CropYear=2022&Language=French&FileType=HTML⎈'
Caractéristiques
Le malt Château Avoine Nature est produit à partir de grains d’avoine décortiqués. Ce type de malt BIO a un très faible pouvoir diastasique et des valeurs d''extraction modérées.

Particularités
Le malt Château Avoine Nature donne une douceur distinctive à la bière BIO. Parfait pour améliorer le corps de la bière, sa note de tête et la saveur des bières brunes. Utilisé comme complément de saveur, il réhausse le goût de biscuit dans la bière BIO et lui donne une texture unique et crémeuse. Convient à n''importe quel style de bière anglaise brune BIO.

Usage
Jusqu’à 15% du mélange. 
'
♆⎈MALTERIE DU CHÂTEAU⎈MALT CHÂTEAU SPELT NATURE®⎈Grain malté⎈Base (Pilsner|Lager)⎈5⎈79⎈Épeautre⎈2022⎈https://www.castlemalting.com/CastleMaltingMaltSpecification.asp?Command=SpecificationShow&SpecificationID=230&CropYear=2022&Language=French&FileType=HTML⎈'
Caractéristiques
Château Epeautre Nature est un type de malt pale BIO, bien modifié. Produit à partir de variétés de blé dur à grains durs (Heirloom), il a un niveau plus élevé en protéines par rapport aux autres malts de blé.

Particularités
Il donne un agréable goût de noisette, apporte un arôme épicé et un caractère terreux à votre bière BIO. Parfait pour les bières belges de saison et les bières de blé BIO.

Usage
Jusqu’à 15% du mélange. 
'
♆⎈MALTERIE DU CHÂTEAU⎈MALT CHÂTEAU BUCKWHEAT NATURE® (SARRASIN BIO)⎈Grain malté⎈Base (Blé)⎈9.5⎈66⎈Sarrasin⎈2022⎈https://www.castlemalting.com/CastleMaltingMaltSpecification.asp?Command=SpecificationShow&SpecificationID=224&CropYear=2022&Language=French&FileType=HTML⎈'
Caractéristiques
Malté à partir d’une pseudo-céréale, le malt Château Sarrasin Nature est utilisé pour produire de la bière sans gluten.

Particularités
Château Sarrasin Nature a les propriétés adéquates pour remplacer le malt d’orge afin de produire de la bière BIO sans gluten. Apporte une saveur de noisette et de malt à votre bière BIO. Il peut également être utilisé dans les bières spéciales BIO pour rendre une note de richesse et profondeur. NB! Le Malt Château Sarrasin Nature n''a pas de pouvoir diastasique.

Usage
Jusqu’à 40% du mélange. 
'
♆⎈MALTERIE DU CHÂTEAU⎈CHÂTEAU TOURBÉ NATURE⎈Grain malté⎈Base (Fumé)⎈2⎈81⎈Orge⎈2022⎈https://www.castlemalting.com/CastleMaltingMaltSpecification.asp?Command=SpecificationShow&SpecificationID=207&CropYear=2022&Language=French&FileType=HTML⎈'
Caractéristiques
Fumé à la tourbe écossaise durant le touraillage.

Particularités
Donne goût et arôme fumés, typiques pour bières de style allemandes classiques BIO. La bière fumée brassée avec du malt tourbé Château Tourbé Nature a le goût d’incendie de forêt – mais dans le bon sens du terme !! Une telle bière a une mousse abondante et une saveur ressemblant aux ales pétillantes.

Usage
Bières de type BIO Ecossaises, fumées, spéciales. Mélange recommandé : jusqu`à 10%.
'
♆⎈MALTERIE DU CHÂTEAU⎈CHÂTEAU CHIT BARLEY NATURE MALT FLAKES®⎈Flocons maltés⎈Flocons maltés⎈5⎈77⎈Orge⎈2022⎈https://www.castlemalting.com/CastleMaltingMaltSpecification.asp?Command=SpecificationShow&SpecificationID=225&CropYear=2022&Language=French&FileType=HTML⎈'
Caractéristiques
Type de malt BIO légèrement touraillé, produit à partir d''orge trempée qui a germé pendant un temps très court

Particularités
Les flocons d''orge maltée BIO conservent la plupart des caractéristiques d''orge brut et sont utilisés pour améliorer la stabilité de la mousse et équilibrer le malt à haute solubilité. Confèrent une riche saveur de grains secs à la bière BIO et sont principalement utilisés dans stout. Ce malt BIO améliore la formation de la note de tête et assure la stabilité

Usage
Jusqu’à 30% du mélange.
'
♆⎈MALTERIE DU CHÂTEAU⎈CHÂTEAU CHIT WHEAT NATURE MALT FLAKES® ⎈Flocons maltés⎈Flocons maltés⎈7⎈77⎈Blé⎈2022⎈https://www.castlemalting.com/CastleMaltingMaltSpecification.asp?Command=SpecificationShow&SpecificationID=226&CropYear=2022&Language=French&FileType=HTML⎈'
Caractéristiques
Grains aplatis de blé malté - type de malt BIO légèrement touraillé, produit à partir du blé trempé qui a germé pendant un temps très court.

Particularités
Les flocons de blé malté BIO conservent la plupart des caractéristiques de blé brut et sont utilisés pour améliorer la stabilité de la mousse et équilibrer le malt à haute solubilité. Les flocons peuvent être ajoutés directement dans le moût.

Usage
Jusqu’à 25% du mélange. 
'
♆⎈MALTERIE DU CHÂTEAU⎈CHÂTEAU FLOCONS D’AVOINE NATURE⎈Flocons⎈Flocons⎈4⎈69.5⎈Avoine⎈2022⎈https://www.castlemalting.com/CastleMaltingMaltSpecification.asp?Command=SpecificationShow&SpecificationID=286&CropYear=2022&Language=French&FileType=HTML⎈'
Caractéristiques
Les flocons d’avoine nature sont des auxiliaires de brassage prégélatinisés, produits à partir de grains d’avoine sélectionnés, soumis à un processus de floconnage où le grain entier est cuit à la vapeur et passé entre des cylindres chauffés pour ouvrir la structure de l''amidon dans l''endosperme du noyau. De plus, ils ont un niveau modéré de lipides et des niveaux élevés de glucanes et de protéines, qui doivent être pris en compte dans le processus de brassage.

Particularités
Grâce à des taux élevés de bêta-glucanes et de protéines, les Château Flocons d’avoine donnent de l’onctuosité et une sensation soyeuse en bouche, ils améliorent la rétention du corps et de la tête de la bière. Ils peuvent être ajoutés directement à l’empâtage, sans concassage ou cuisson préliminaire, car il s''agit d''un auxiliaire pré-gélatinisé, sous forme de flocons.

Usage
Conseillés pour des bières type English Porter, Stout, New England IPA et des bières blanches belges. Jusqu’à 10% du mélange. Cas particulier pour la bière noire à l''avoine où ils peuvent être ajoutés jusqu’à 25% du mélange.
'
♆⎈MALTERIE DU CHÂTEAU⎈CHÂTEAU ACIDE NATURE®⎈Grain malté⎈Acidulé⎈11⎈74⎈Orge⎈2022⎈https://www.castlemalting.com/CastleMaltingMaltSpecification.asp?Command=SpecificationShow&SpecificationID=231&CropYear=2022&Language=French&FileType=HTML⎈'
Caractéristiques
Malt d’orge acidulé BIO aux lactobacilles, qui diminue le pH du moût et peut être utilisé lors du brassage avec de l’eau riche en bicarbonate.

Particularités
Le malt Château Acide Nature est une solution parfaite pour l''eau de brassage avec une alcalinité faible. Améliore la performance des enzymes hydrolytiques et assure un meilleur empâtage. Il intensifie également la fermentation en ajustant le niveau du pH. Le malt acide améliore le goût bien équilibré de votre bière BIO et renforce la stabilité de son arôme.

Usage
Jusqu’à 5% du mélange. 
'
